angle	chord	FSV	SSD	pressure
0	0.3048	71.3	0.00266337	126.201
0	0.3048	71.3	0.00266337	125.201
0	0.3048	71.3	0.00266337	125.951
0	0.3048	71.3	0.00266337	127.591
0	0.3048	71.3	0.00266337	127.461
0	0.3048	71.3	0.00266337	125.571
0	0.3048	71.3	0.00266337	125.201
0	0.3048	71.3	0.00266337	123.061
0	0.3048	71.3	0.00266337	121.301
0	0.3048	71.3	0.00266337	119.541
0	0.3048	71.3	0.00266337	117.151
0	0.3048	71.3	0.00266337	115.391
0	0.3048	71.3	0.00266337	112.241
0	0.3048	71.3	0.00266337	108.721
0	0.3048	55.5	0.00283081	126.416
0	0.3048	55.5	0.00283081	127.696
0	0.3048	55.5	0.00283081	128.086
0	0.3048	55.5	0.00283081	126.966
0	0.3048	55.5	0.00283081	126.086
0	0.3048	55.5	0.00283081	126.986
0	0.3048	55.5	0.00283081	126.616
0	0.3048	55.5	0.00283081	124.106
0	0.3048	55.5	0.00283081	123.236
0	0.3048	55.5	0.00283081	121.106
0	0.3048	55.5	0.00283081	119.606
0	0.3048	55.5	0.00283081	117.976
0	0.3048	55.5	0.00283081	116.476
0	0.3048	55.5	0.00283081	113.076
0	0.3048	55.5	0.00283081	111.076
0	0.3048	39.6	0.00310138	118.129
0	0.3048	39.6	0.00310138	119.319
0	0.3048	39.6	0.00310138	122.779
0	0.3048	39.6	0.00310138	124.809
0	0.3048	39.6	0.00310138	126.959
0	0.3048	39.6	0.00310138	128.629
0	0.3048	39.6	0.00310138	129.099
0	0.3048	39.6	0.00310138	127.899
0	0.3048	39.6	0.00310138	125.499
0	0.3048	39.6	0.00310138	124.049
0	0.3048	39.6	0.00310138	123.689
0	0.3048	39.6	0.00310138	121.399
0	0.3048	39.6	0.00310138	120.319
0	0.3048	39.6	0.00310138	119.229
0	0.3048	39.6	0.00310138	117.789
0	0.3048	39.6	0.00310138	116.229
0	0.3048	39.6	0.00310138	114.779
0	0.3048	39.6	0.00310138	112.139
0	0.3048	39.6	0.00310138	109.619
0	0.3048	31.7	0.00331266	117.195
0	0.3048	31.7	0.00331266	118.595
0	0.3048	31.7	0.00331266	122.765
0	0.3048	31.7	0.00331266	125.045
0	0.3048	31.7	0.00331266	127.315
0	0.3048	31.7	0.00331266	129.095
0	0.3048	31.7	0.00331266	129.235
0	0.3048	31.7	0.00331266	127.365
0	0.3048	31.7	0.00331266	124.355
0	0.3048	31.7	0.00331266	122.365
0	0.3048	31.7	0.00331266	122.375
0	0.3048	31.7	0.00331266	120.755
0	0.3048	31.7	0.00331266	119.135
0	0.3048	31.7	0.00331266	118.145
0	0.3048	31.7	0.00331266	115.645
0	0.3048	31.7	0.00331266	113.775
0	0.3048	31.7	0.00331266	110.515
0	0.3048	31.7	0.00331266	108.265
1.5	0.3048	71.3	0.00336729	127.122
1.5	0.3048	71.3	0.00336729	125.992
1.5	0.3048	71.3	0.00336729	125.872
1.5	0.3048	71.3	0.00336729	126.632
1.5	0.3048	71.3	0.00336729	126.642
1.5	0.3048	71.3	0.00336729	124.512
1.5	0.3048	71.3	0.00336729	123.392
1.5	0.3048	71.3	0.00336729	121.762
1.5	0.3048	71.3	0.00336729	119.632
1.5	0.3048	71.3	0.00336729	118.122
1.5	0.3048	71.3	0.00336729	115.372
1.5	0.3048	71.3	0.00336729	113.492
1.5	0.3048	71.3	0.00336729	109.222
1.5	0.3048	71.3	0.00336729	106.582
1.5	0.3048	39.6	0.00392107	121.851
1.5	0.3048	39.6	0.00392107	124.001
1.5	0.3048	39.6	0.00392107	126.661
1.5	0.3048	39.6	0.00392107	128.311
1.5	0.3048	39.6	0.00392107	128.831
1.5	0.3048	39.6	0.00392107	127.581
1.5	0.3048	39.6	0.00392107	125.211
1.5	0.3048	39.6	0.00392107	122.211
1.5	0.3048	39.6	0.00392107	122.101
1.5	0.3048	39.6	0.00392107	120.981
1.5	0.3048	39.6	0.00392107	119.111
1.5	0.3048	39.6	0.00392107	117.741
1.5	0.3048	39.6	0.00392107	116.241
1.5	0.3048	39.6	0.00392107	114.751
1.5	0.3048	39.6	0.00392107	112.251
1.5	0.3048	39.6	0.00392107	108.991
1.5	0.3048	39.6	0.00392107	106.111
3	0.3048	71.3	0.00425727	127.564
3	0.3048	71.3	0.00425727	128.454
3	0.3048	71.3	0.00425727	129.354
3	0.3048	71.3	0.00425727	129.494
3	0.3048	71.3	0.00425727	129.004
3	0.3048	71.3	0.00425727	127.634
3	0.3048	71.3	0.00425727	126.514
3	0.3048	71.3	0.00425727	125.524
3	0.3048	71.3	0.00425727	124.024
3	0.3048	71.3	0.00425727	121.514
3	0.3048	71.3	0.00425727	120.264
3	0.3048	71.3	0.00425727	118.134
3	0.3048	71.3	0.00425727	116.134
3	0.3048	71.3	0.00425727	114.634
3	0.3048	71.3	0.00425727	110.224
3	0.3048	55.5	0.00452492	126.159
3	0.3048	55.5	0.00452492	128.179
3	0.3048	55.5	0.00452492	129.569
3	0.3048	55.5	0.00452492	129.949
3	0.3048	55.5	0.00452492	129.329
3	0.3048	55.5	0.00452492	127.329
3	0.3048	55.5	0.00452492	124.439
3	0.3048	55.5	0.00452492	123.069
3	0.3048	55.5	0.00452492	122.439
3	0.3048	55.5	0.00452492	120.189
3	0.3048	55.5	0.00452492	118.689
3	0.3048	55.5	0.00452492	117.309
3	0.3048	55.5	0.00452492	115.679
3	0.3048	55.5	0.00452492	113.799
3	0.3048	55.5	0.00452492	112.169
3	0.3048	39.6	0.00495741	123.312
3	0.3048	39.6	0.00495741	125.472
3	0.3048	39.6	0.00495741	127.632
3	0.3048	39.6	0.00495741	129.292
3	0.3048	39.6	0.00495741	129.552
3	0.3048	39.6	0.00495741	128.312
3	0.3048	39.6	0.00495741	125.802
3	0.3048	39.6	0.00495741	122.782
3	0.3048	39.6	0.00495741	120.532
3	0.3048	39.6	0.00495741	120.162
3	0.3048	39.6	0.00495741	118.922
3	0.3048	39.6	0.00495741	116.792
3	0.3048	39.6	0.00495741	115.792
3	0.3048	39.6	0.00495741	114.042
3	0.3048	39.6	0.00495741	110.652
3	0.3048	31.7	0.00529514	123.118
3	0.3048	31.7	0.00529514	125.398
3	0.3048	31.7	0.00529514	127.548
3	0.3048	31.7	0.00529514	128.698
3	0.3048	31.7	0.00529514	128.708
3	0.3048	31.7	0.00529514	126.838
3	0.3048	31.7	0.00529514	124.838
3	0.3048	31.7	0.00529514	122.088
3	0.3048	31.7	0.00529514	120.088
3	0.3048	31.7	0.00529514	119.598
3	0.3048	31.7	0.00529514	118.108
3	0.3048	31.7	0.00529514	115.608
3	0.3048	31.7	0.00529514	113.858
3	0.3048	31.7	0.00529514	109.718
4	0.3048	71.3	0.00497773	126.395
4	0.3048	71.3	0.00497773	128.175
4	0.3048	71.3	0.00497773	129.575
4	0.3048	71.3	0.00497773	130.715
4	0.3048	71.3	0.00497773	131.615
4	0.3048	71.3	0.00497773	131.755
4	0.3048	71.3	0.00497773	131.015
4	0.3048	71.3	0.00497773	129.395
4	0.3048	71.3	0.00497773	126.645
4	0.3048	71.3	0.00497773	124.395
4	0.3048	71.3	0.00497773	123.775
4	0.3048	71.3	0.00497773	121.775
4	0.3048	71.3	0.00497773	119.535
4	0.3048	71.3	0.00497773	117.785
4	0.3048	71.3	0.00497773	116.165
4	0.3048	71.3	0.00497773	113.665
4	0.3048	71.3	0.00497773	110.905
4	0.3048	71.3	0.00497773	107.405
4	0.3048	39.6	0.00579636	123.543
4	0.3048	39.6	0.00579636	126.843
4	0.3048	39.6	0.00579636	128.633
4	0.3048	39.6	0.00579636	130.173
4	0.3048	39.6	0.00579636	131.073
4	0.3048	39.6	0.00579636	130.723
4	0.3048	39.6	0.00579636	128.723
4	0.3048	39.6	0.00579636	126.343
4	0.3048	39.6	0.00579636	123.213
4	0.3048	39.6	0.00579636	120.963
4	0.3048	39.6	0.00579636	120.233
4	0.3048	39.6	0.00579636	118.743
4	0.3048	39.6	0.00579636	115.863
4	0.3048	39.6	0.00579636	113.733
0	0.2286	71.3	0.00214345	128.144
0	0.2286	71.3	0.00214345	129.134
0	0.2286	71.3	0.00214345	128.244
0	0.2286	71.3	0.00214345	128.354
0	0.2286	71.3	0.00214345	127.834
0	0.2286	71.3	0.00214345	125.824
0	0.2286	71.3	0.00214345	124.304
0	0.2286	71.3	0.00214345	122.044
0	0.2286	71.3	0.00214345	118.024
0	0.2286	71.3	0.00214345	118.134
0	0.2286	71.3	0.00214345	117.624
0	0.2286	71.3	0.00214345	114.984
0	0.2286	71.3	0.00214345	114.474
0	0.2286	55.5	0.00229336	119.54
0	0.2286	55.5	0.00229336	121.66
0	0.2286	55.5	0.00229336	123.78
0	0.2286	55.5	0.00229336	126.16
0	0.2286	55.5	0.00229336	127.53
0	0.2286	55.5	0.00229336	128.29
0	0.2286	55.5	0.00229336	127.91
0	0.2286	55.5	0.00229336	126.79
0	0.2286	55.5	0.00229336	126.54
0	0.2286	55.5	0.00229336	126.54
0	0.2286	55.5	0.00229336	125.16
0	0.2286	55.5	0.00229336	123.41
0	0.2286	55.5	0.00229336	122.41
0	0.2286	55.5	0.00229336	118.41
0	0.2286	39.6	0.00253511	121.055
0	0.2286	39.6	0.00253511	123.565
0	0.2286	39.6	0.00253511	126.195
0	0.2286	39.6	0.00253511	128.705
0	0.2286	39.6	0.00253511	130.205
0	0.2286	39.6	0.00253511	130.435
0	0.2286	39.6	0.00253511	129.395
0	0.2286	39.6	0.00253511	127.095
0	0.2286	39.6	0.00253511	125.305
0	0.2286	39.6	0.00253511	125.025
0	0.2286	39.6	0.00253511	124.625
0	0.2286	39.6	0.00253511	123.465
0	0.2286	39.6	0.00253511	122.175
0	0.2286	39.6	0.00253511	117.465
0	0.2286	31.7	0.0027238	120.595
0	0.2286	31.7	0.0027238	123.635
0	0.2286	31.7	0.0027238	126.675
0	0.2286	31.7	0.0027238	129.465
0	0.2286	31.7	0.0027238	130.725
0	0.2286	31.7	0.0027238	130.595
0	0.2286	31.7	0.0027238	128.805
0	0.2286	31.7	0.0027238	125.625
0	0.2286	31.7	0.0027238	123.455
0	0.2286	31.7	0.0027238	123.445
0	0.2286	31.7	0.0027238	123.445
0	0.2286	31.7	0.0027238	122.035
0	0.2286	31.7	0.0027238	120.505
0	0.2286	31.7	0.0027238	116.815
2	0.2286	71.3	0.00293031	125.116
2	0.2286	71.3	0.00293031	126.486
2	0.2286	71.3	0.00293031	127.356
2	0.2286	71.3	0.00293031	128.216
2	0.2286	71.3	0.00293031	128.956
2	0.2286	71.3	0.00293031	128.816
2	0.2286	71.3	0.00293031	127.796
2	0.2286	71.3	0.00293031	126.896
2	0.2286	71.3	0.00293031	127.006
2	0.2286	71.3	0.00293031	126.116
2	0.2286	71.3	0.00293031	124.086
2	0.2286	71.3	0.00293031	122.816
2	0.2286	71.3	0.00293031	120.786
2	0.2286	71.3	0.00293031	115.996
2	0.2286	71.3	0.00293031	113.086
2	0.2286	55.5	0.00313525	122.292
2	0.2286	55.5	0.00313525	124.692
2	0.2286	55.5	0.00313525	126.842
2	0.2286	55.5	0.00313525	128.492
2	0.2286	55.5	0.00313525	129.002
2	0.2286	55.5	0.00313525	128.762
2	0.2286	55.5	0.00313525	126.752
2	0.2286	55.5	0.00313525	124.612
2	0.2286	55.5	0.00313525	123.862
2	0.2286	55.5	0.00313525	123.742
2	0.2286	55.5	0.00313525	122.232
2	0.2286	55.5	0.00313525	120.472
2	0.2286	55.5	0.00313525	118.712
2	0.2286	39.6	0.00346574	120.137
2	0.2286	39.6	0.00346574	122.147
2	0.2286	39.6	0.00346574	125.157
2	0.2286	39.6	0.00346574	127.417
2	0.2286	39.6	0.00346574	129.037
2	0.2286	39.6	0.00346574	129.147
2	0.2286	39.6	0.00346574	128.257
2	0.2286	39.6	0.00346574	125.837
2	0.2286	39.6	0.00346574	122.797
2	0.2286	39.6	0.00346574	121.397
2	0.2286	39.6	0.00346574	121.627
2	0.2286	39.6	0.00346574	120.227
2	0.2286	39.6	0.00346574	118.827
2	0.2286	39.6	0.00346574	116.417
2	0.2286	31.7	0.00372371	120.147
2	0.2286	31.7	0.00372371	123.417
2	0.2286	31.7	0.00372371	126.677
2	0.2286	31.7	0.00372371	129.057
2	0.2286	31.7	0.00372371	130.307
2	0.2286	31.7	0.00372371	130.307
2	0.2286	31.7	0.00372371	128.677
2	0.2286	31.7	0.00372371	125.797
2	0.2286	31.7	0.00372371	123.037
2	0.2286	31.7	0.00372371	121.407
2	0.2286	31.7	0.00372371	121.527
2	0.2286	31.7	0.00372371	120.527
2	0.2286	31.7	0.00372371	118.267
2	0.2286	31.7	0.00372371	115.137
4	0.2286	71.3	0.00400603	126.758
4	0.2286	71.3	0.00400603	129.038
4	0.2286	71.3	0.00400603	130.688
4	0.2286	71.3	0.00400603	131.708
4	0.2286	71.3	0.00400603	131.718
4	0.2286	71.3	0.00400603	129.468
4	0.2286	71.3	0.00400603	126.218
4	0.2286	71.3	0.00400603	124.338
4	0.2286	71.3	0.00400603	124.108
4	0.2286	71.3	0.00400603	121.728
4	0.2286	71.3	0.00400603	121.118
4	0.2286	71.3	0.00400603	118.618
4	0.2286	71.3	0.00400603	112.848
4	0.2286	71.3	0.00400603	113.108
4	0.2286	71.3	0.00400603	114.258
4	0.2286	71.3	0.00400603	112.768
4	0.2286	71.3	0.00400603	109.638
4	0.2286	55.5	0.0042862	123.274
4	0.2286	55.5	0.0042862	127.314
4	0.2286	55.5	0.0042862	129.964
4	0.2286	55.5	0.0042862	131.864
4	0.2286	55.5	0.0042862	132.134
4	0.2286	55.5	0.0042862	131.264
4	0.2286	55.5	0.0042862	128.264
4	0.2286	55.5	0.0042862	124.254
4	0.2286	55.5	0.0042862	122.384
4	0.2286	55.5	0.0042862	122.394
4	0.2286	55.5	0.0042862	120.654
4	0.2286	55.5	0.0042862	120.034
4	0.2286	55.5	0.0042862	117.154
4	0.2286	55.5	0.0042862	112.524
4	0.2286	39.6	0.00473801	122.229
4	0.2286	39.6	0.00473801	123.879
4	0.2286	39.6	0.00473801	127.039
4	0.2286	39.6	0.00473801	129.579
4	0.2286	39.6	0.00473801	130.469
4	0.2286	39.6	0.00473801	129.969
4	0.2286	39.6	0.00473801	128.339
4	0.2286	39.6	0.00473801	125.319
4	0.2286	39.6	0.00473801	121.659
4	0.2286	39.6	0.00473801	119.649
4	0.2286	39.6	0.00473801	120.419
4	0.2286	39.6	0.00473801	119.159
4	0.2286	39.6	0.00473801	117.649
4	0.2286	39.6	0.00473801	114.249
4	0.2286	39.6	0.00473801	113.129
4	0.2286	31.7	0.00509068	120.189
4	0.2286	31.7	0.00509068	123.609
4	0.2286	31.7	0.00509068	126.149
4	0.2286	31.7	0.00509068	128.939
4	0.2286	31.7	0.00509068	130.349
4	0.2286	31.7	0.00509068	130.869
4	0.2286	31.7	0.00509068	129.869
4	0.2286	31.7	0.00509068	128.119
4	0.2286	31.7	0.00509068	125.229
4	0.2286	31.7	0.00509068	122.089
4	0.2286	31.7	0.00509068	120.209
4	0.2286	31.7	0.00509068	120.229
4	0.2286	31.7	0.00509068	118.859
4	0.2286	31.7	0.00509068	115.969
4	0.2286	31.7	0.00509068	112.699
5.3	0.2286	71.3	0.0051942	127.7
5.3	0.2286	71.3	0.0051942	129.88
5.3	0.2286	71.3	0.0051942	131.8
5.3	0.2286	71.3	0.0051942	133.48
5.3	0.2286	71.3	0.0051942	134
5.3	0.2286	71.3	0.0051942	133.38
5.3	0.2286	71.3	0.0051942	130.46
5.3	0.2286	71.3	0.0051942	125.89
5.3	0.2286	71.3	0.0051942	123.74
5.3	0.2286	71.3	0.0051942	123.12
5.3	0.2286	71.3	0.0051942	120.33
5.3	0.2286	71.3	0.0051942	118.05
5.3	0.2286	71.3	0.0051942	116.92
5.3	0.2286	71.3	0.0051942	114.9
5.3	0.2286	71.3	0.0051942	111.35
5.3	0.2286	39.6	0.00614329	127.011
5.3	0.2286	39.6	0.00614329	129.691
5.3	0.2286	39.6	0.00614329	131.221
5.3	0.2286	39.6	0.00614329	132.251
5.3	0.2286	39.6	0.00614329	132.011
5.3	0.2286	39.6	0.00614329	129.491
5.3	0.2286	39.6	0.00614329	125.581
5.3	0.2286	39.6	0.00614329	125.721
5.3	0.2286	39.6	0.00614329	123.081
5.3	0.2286	39.6	0.00614329	117.911
5.3	0.2286	39.6	0.00614329	116.151
5.3	0.2286	39.6	0.00614329	118.441
5.3	0.2286	39.6	0.00614329	115.801
5.3	0.2286	39.6	0.00614329	115.311
5.3	0.2286	39.6	0.00614329	112.541
7.3	0.2286	71.3	0.0104404	138.758
7.3	0.2286	71.3	0.0104404	139.918
7.3	0.2286	71.3	0.0104404	139.808
7.3	0.2286	71.3	0.0104404	139.438
7.3	0.2286	71.3	0.0104404	136.798
7.3	0.2286	71.3	0.0104404	133.768
7.3	0.2286	71.3	0.0104404	130.748
7.3	0.2286	71.3	0.0104404	126.838
7.3	0.2286	71.3	0.0104404	127.358
7.3	0.2286	71.3	0.0104404	125.728
7.3	0.2286	71.3	0.0104404	122.708
7.3	0.2286	71.3	0.0104404	122.088
7.3	0.2286	71.3	0.0104404	120.458
7.3	0.2286	71.3	0.0104404	119.208
7.3	0.2286	71.3	0.0104404	115.298
7.3	0.2286	71.3	0.0104404	115.818
7.3	0.2286	55.5	0.0111706	135.234
7.3	0.2286	55.5	0.0111706	136.384
7.3	0.2286	55.5	0.0111706	136.284
7.3	0.2286	55.5	0.0111706	135.924
7.3	0.2286	55.5	0.0111706	133.174
7.3	0.2286	55.5	0.0111706	130.934
7.3	0.2286	55.5	0.0111706	128.444
7.3	0.2286	55.5	0.0111706	125.194
7.3	0.2286	55.5	0.0111706	125.724
7.3	0.2286	55.5	0.0111706	123.354
7.3	0.2286	55.5	0.0111706	120.354
7.3	0.2286	55.5	0.0111706	118.994
7.3	0.2286	55.5	0.0111706	117.134
7.3	0.2286	55.5	0.0111706	117.284
7.3	0.2286	55.5	0.0111706	113.144
7.3	0.2286	55.5	0.0111706	111.534
7.3	0.2286	39.6	0.0123481	130.989
7.3	0.2286	39.6	0.0123481	131.889
7.3	0.2286	39.6	0.0123481	132.149
7.3	0.2286	39.6	0.0123481	132.039
7.3	0.2286	39.6	0.0123481	130.299
7.3	0.2286	39.6	0.0123481	128.929
7.3	0.2286	39.6	0.0123481	126.299
7.3	0.2286	39.6	0.0123481	122.539
7.3	0.2286	39.6	0.0123481	123.189
7.3	0.2286	39.6	0.0123481	121.059
7.3	0.2286	39.6	0.0123481	117.809
7.3	0.2286	39.6	0.0123481	116.559
7.3	0.2286	39.6	0.0123481	114.309
7.3	0.2286	39.6	0.0123481	114.079
7.3	0.2286	39.6	0.0123481	111.959
7.3	0.2286	39.6	0.0123481	110.839
7.3	0.2286	31.7	0.0132672	128.679
7.3	0.2286	31.7	0.0132672	130.089
7.3	0.2286	31.7	0.0132672	130.239
7.3	0.2286	31.7	0.0132672	130.269
7.3	0.2286	31.7	0.0132672	128.169
7.3	0.2286	31.7	0.0132672	126.189
7.3	0.2286	31.7	0.0132672	123.209
7.3	0.2286	31.7	0.0132672	119.099
7.3	0.2286	31.7	0.0132672	120.509
7.3	0.2286	31.7	0.0132672	119.039
7.3	0.2286	31.7	0.0132672	115.309
7.3	0.2286	31.7	0.0132672	114.709
7.3	0.2286	31.7	0.0132672	113.229
7.3	0.2286	31.7	0.0132672	112.639
7.3	0.2286	31.7	0.0132672	111.029
7.3	0.2286	31.7	0.0132672	110.689
0	0.1524	71.3	0.0015988	125.817
0	0.1524	71.3	0.0015988	127.307
0	0.1524	71.3	0.0015988	128.927
0	0.1524	71.3	0.0015988	129.667
0	0.1524	71.3	0.0015988	128.647
0	0.1524	71.3	0.0015988	128.127
0	0.1524	71.3	0.0015988	129.377
0	0.1524	71.3	0.0015988	128.857
0	0.1524	71.3	0.0015988	126.457
0	0.1524	71.3	0.0015988	125.427
0	0.1524	71.3	0.0015988	122.527
0	0.1524	71.3	0.0015988	120.247
0	0.1524	71.3	0.0015988	117.087
0	0.1524	71.3	0.0015988	113.297
0	0.1524	55.5	0.00172668	120.573
0	0.1524	55.5	0.00172668	123.583
0	0.1524	55.5	0.00172668	126.713
0	0.1524	55.5	0.00172668	128.583
0	0.1524	55.5	0.00172668	129.953
0	0.1524	55.5	0.00172668	130.183
0	0.1524	55.5	0.00172668	129.673
0	0.1524	55.5	0.00172668	127.763
0	0.1524	55.5	0.00172668	127.753
0	0.1524	55.5	0.00172668	127.233
0	0.1524	55.5	0.00172668	125.203
0	0.1524	55.5	0.00172668	123.303
0	0.1524	55.5	0.00172668	121.903
0	0.1524	55.5	0.00172668	119.253
0	0.1524	55.5	0.00172668	117.093
0	0.1524	55.5	0.00172668	112.803
0	0.1524	39.6	0.00193287	119.513
0	0.1524	39.6	0.00193287	124.403
0	0.1524	39.6	0.00193287	127.903
0	0.1524	39.6	0.00193287	130.033
0	0.1524	39.6	0.00193287	131.023
0	0.1524	39.6	0.00193287	131.013
0	0.1524	39.6	0.00193287	129.633
0	0.1524	39.6	0.00193287	126.863
0	0.1524	39.6	0.00193287	125.603
0	0.1524	39.6	0.00193287	125.343
0	0.1524	39.6	0.00193287	123.453
0	0.1524	39.6	0.00193287	121.313
0	0.1524	39.6	0.00193287	120.553
0	0.1524	39.6	0.00193287	115.413
0	0.1524	31.7	0.00209405	121.617
0	0.1524	31.7	0.00209405	125.997
0	0.1524	31.7	0.00209405	129.117
0	0.1524	31.7	0.00209405	130.987
0	0.1524	31.7	0.00209405	131.467
0	0.1524	31.7	0.00209405	130.817
0	0.1524	31.7	0.00209405	128.907
0	0.1524	31.7	0.00209405	125.867
0	0.1524	31.7	0.00209405	124.207
0	0.1524	31.7	0.00209405	123.807
0	0.1524	31.7	0.00209405	122.397
0	0.1524	31.7	0.00209405	119.737
0	0.1524	31.7	0.00209405	117.957
2.7	0.1524	71.3	0.00243851	127.404
2.7	0.1524	71.3	0.00243851	127.394
2.7	0.1524	71.3	0.00243851	128.774
2.7	0.1524	71.3	0.00243851	130.144
2.7	0.1524	71.3	0.00243851	130.644
2.7	0.1524	71.3	0.00243851	130.114
2.7	0.1524	71.3	0.00243851	128.334
2.7	0.1524	71.3	0.00243851	127.054
2.7	0.1524	71.3	0.00243851	126.534
2.7	0.1524	71.3	0.00243851	124.364
2.7	0.1524	71.3	0.00243851	121.944
2.7	0.1524	71.3	0.00243851	120.534
2.7	0.1524	71.3	0.00243851	116.724
2.7	0.1524	71.3	0.00243851	113.034
2.7	0.1524	71.3	0.00243851	110.364
2.7	0.1524	39.6	0.00294804	121.009
2.7	0.1524	39.6	0.00294804	125.809
2.7	0.1524	39.6	0.00294804	128.829
2.7	0.1524	39.6	0.00294804	130.589
2.7	0.1524	39.6	0.00294804	130.829
2.7	0.1524	39.6	0.00294804	130.049
2.7	0.1524	39.6	0.00294804	128.139
2.7	0.1524	39.6	0.00294804	125.589
2.7	0.1524	39.6	0.00294804	122.919
2.7	0.1524	39.6	0.00294804	121.889
2.7	0.1524	39.6	0.00294804	121.499
2.7	0.1524	39.6	0.00294804	119.209
2.7	0.1524	39.6	0.00294804	116.659
2.7	0.1524	39.6	0.00294804	112.589
2.7	0.1524	39.6	0.00294804	108.649
5.4	0.1524	71.3	0.00401199	124.121
5.4	0.1524	71.3	0.00401199	126.291
5.4	0.1524	71.3	0.00401199	128.971
5.4	0.1524	71.3	0.00401199	131.281
5.4	0.1524	71.3	0.00401199	133.201
5.4	0.1524	71.3	0.00401199	134.111
5.4	0.1524	71.3	0.00401199	133.241
5.4	0.1524	71.3	0.00401199	131.111
5.4	0.1524	71.3	0.00401199	127.591
5.4	0.1524	71.3	0.00401199	123.311
5.4	0.1524	71.3	0.00401199	121.431
5.4	0.1524	71.3	0.00401199	120.061
5.4	0.1524	71.3	0.00401199	116.411
5.4	0.1524	55.5	0.00433288	126.807
5.4	0.1524	55.5	0.00433288	129.367
5.4	0.1524	55.5	0.00433288	131.807
5.4	0.1524	55.5	0.00433288	133.097
5.4	0.1524	55.5	0.00433288	132.127
5.4	0.1524	55.5	0.00433288	130.777
5.4	0.1524	55.5	0.00433288	130.567
5.4	0.1524	55.5	0.00433288	128.707
5.4	0.1524	55.5	0.00433288	124.077
5.4	0.1524	55.5	0.00433288	121.587
5.4	0.1524	55.5	0.00433288	119.737
5.4	0.1524	55.5	0.00433288	118.757
5.4	0.1524	55.5	0.00433288	117.287
5.4	0.1524	55.5	0.00433288	114.927
5.4	0.1524	39.6	0.00485029	125.347
5.4	0.1524	39.6	0.00485029	127.637
5.4	0.1524	39.6	0.00485029	129.937
5.4	0.1524	39.6	0.00485029	132.357
5.4	0.1524	39.6	0.00485029	132.757
5.4	0.1524	39.6	0.00485029	130.507
5.4	0.1524	39.6	0.00485029	127.117
5.4	0.1524	39.6	0.00485029	126.267
5.4	0.1524	39.6	0.00485029	124.647
5.4	0.1524	39.6	0.00485029	120.497
5.4	0.1524	39.6	0.00485029	119.137
5.4	0.1524	39.6	0.00485029	117.137
5.4	0.1524	39.6	0.00485029	117.037
5.4	0.1524	39.6	0.00485029	116.677
5.4	0.1524	31.7	0.00525474	125.741
5.4	0.1524	31.7	0.00525474	127.781
5.4	0.1524	31.7	0.00525474	129.681
5.4	0.1524	31.7	0.00525474	131.471
5.4	0.1524	31.7	0.00525474	131.491
5.4	0.1524	31.7	0.00525474	128.241
5.4	0.1524	31.7	0.00525474	123.991
5.4	0.1524	31.7	0.00525474	123.761
5.4	0.1524	31.7	0.00525474	122.771
5.4	0.1524	31.7	0.00525474	119.151
5.4	0.1524	31.7	0.00525474	118.291
5.4	0.1524	31.7	0.00525474	116.181
5.4	0.1524	31.7	0.00525474	115.691
5.4	0.1524	31.7	0.00525474	115.591
7.2	0.1524	71.3	0.00752039	128.713
7.2	0.1524	71.3	0.00752039	130.123
7.2	0.1524	71.3	0.00752039	132.043
7.2	0.1524	71.3	0.00752039	134.853
7.2	0.1524	71.3	0.00752039	136.023
7.2	0.1524	71.3	0.00752039	134.273
7.2	0.1524	71.3	0.00752039	132.513
7.2	0.1524	71.3	0.00752039	130.893
7.2	0.1524	71.3	0.00752039	128.643
7.2	0.1524	71.3	0.00752039	124.353
7.2	0.1524	71.3	0.00752039	116.783
7.2	0.1524	71.3	0.00752039	119.343
7.2	0.1524	71.3	0.00752039	118.343
7.2	0.1524	71.3	0.00752039	116.603
7.2	0.1524	71.3	0.00752039	113.333
7.2	0.1524	71.3	0.00752039	110.313
7.2	0.1524	39.6	0.00909175	127.488
7.2	0.1524	39.6	0.00909175	130.558
7.2	0.1524	39.6	0.00909175	132.118
7.2	0.1524	39.6	0.00909175	132.658
7.2	0.1524	39.6	0.00909175	133.198
7.2	0.1524	39.6	0.00909175	132.358
7.2	0.1524	39.6	0.00909175	128.338
7.2	0.1524	39.6	0.00909175	122.428
7.2	0.1524	39.6	0.00909175	120.058
7.2	0.1524	39.6	0.00909175	120.228
7.2	0.1524	39.6	0.00909175	117.478
7.2	0.1524	39.6	0.00909175	111.818
7.2	0.1524	39.6	0.00909175	114.258
7.2	0.1524	39.6	0.00909175	113.288
7.2	0.1524	39.6	0.00909175	112.688
7.2	0.1524	39.6	0.00909175	111.588
7.2	0.1524	39.6	0.00909175	110.868
9.9	0.1524	71.3	0.0193001	134.319
9.9	0.1524	71.3	0.0193001	135.329
9.9	0.1524	71.3	0.0193001	135.459
9.9	0.1524	71.3	0.0193001	135.079
9.9	0.1524	71.3	0.0193001	131.279
9.9	0.1524	71.3	0.0193001	129.889
9.9	0.1524	71.3	0.0193001	128.879
9.9	0.1524	71.3	0.0193001	126.349
9.9	0.1524	71.3	0.0193001	122.679
9.9	0.1524	71.3	0.0193001	121.789
9.9	0.1524	71.3	0.0193001	120.779
9.9	0.1524	71.3	0.0193001	119.639
9.9	0.1524	71.3	0.0193001	116.849
9.9	0.1524	71.3	0.0193001	115.079
9.9	0.1524	71.3	0.0193001	114.569
9.9	0.1524	71.3	0.0193001	112.039
9.9	0.1524	55.5	0.0208438	131.955
9.9	0.1524	55.5	0.0208438	133.235
9.9	0.1524	55.5	0.0208438	132.355
9.9	0.1524	55.5	0.0208438	131.605
9.9	0.1524	55.5	0.0208438	127.815
9.9	0.1524	55.5	0.0208438	127.315
9.9	0.1524	55.5	0.0208438	126.565
9.9	0.1524	55.5	0.0208438	124.665
9.9	0.1524	55.5	0.0208438	121.635
9.9	0.1524	55.5	0.0208438	119.875
9.9	0.1524	55.5	0.0208438	119.505
9.9	0.1524	55.5	0.0208438	118.365
9.9	0.1524	55.5	0.0208438	115.085
9.9	0.1524	55.5	0.0208438	112.945
9.9	0.1524	55.5	0.0208438	112.065
9.9	0.1524	55.5	0.0208438	110.555
9.9	0.1524	39.6	0.0233328	127.315
9.9	0.1524	39.6	0.0233328	128.335
9.9	0.1524	39.6	0.0233328	128.595
9.9	0.1524	39.6	0.0233328	128.345
9.9	0.1524	39.6	0.0233328	126.835
9.9	0.1524	39.6	0.0233328	126.465
9.9	0.1524	39.6	0.0233328	126.345
9.9	0.1524	39.6	0.0233328	123.835
9.9	0.1524	39.6	0.0233328	120.555
9.9	0.1524	39.6	0.0233328	118.545
9.9	0.1524	39.6	0.0233328	117.925
9.9	0.1524	39.6	0.0233328	116.295
9.9	0.1524	39.6	0.0233328	113.525
9.9	0.1524	39.6	0.0233328	112.265
9.9	0.1524	39.6	0.0233328	111.135
9.9	0.1524	39.6	0.0233328	109.885
9.9	0.1524	31.7	0.0252785	127.299
9.9	0.1524	31.7	0.0252785	128.559
9.9	0.1524	31.7	0.0252785	128.809
9.9	0.1524	31.7	0.0252785	128.939
9.9	0.1524	31.7	0.0252785	127.179
9.9	0.1524	31.7	0.0252785	126.049
9.9	0.1524	31.7	0.0252785	125.539
9.9	0.1524	31.7	0.0252785	122.149
9.9	0.1524	31.7	0.0252785	118.619
9.9	0.1524	31.7	0.0252785	117.119
9.9	0.1524	31.7	0.0252785	116.859
9.9	0.1524	31.7	0.0252785	114.729
9.9	0.1524	31.7	0.0252785	112.209
9.9	0.1524	31.7	0.0252785	111.459
9.9	0.1524	31.7	0.0252785	109.949
9.9	0.1524	31.7	0.0252785	108.689
12.6	0.1524	71.3	0.0483159	128.354
12.6	0.1524	71.3	0.0483159	129.744
12.6	0.1524	71.3	0.0483159	128.484
12.6	0.1524	71.3	0.0483159	127.094
12.6	0.1524	71.3	0.0483159	121.664
12.6	0.1524	71.3	0.0483159	123.304
12.6	0.1524	71.3	0.0483159	123.054
12.6	0.1524	71.3	0.0483159	122.044
12.6	0.1524	71.3	0.0483159	120.154
12.6	0.1524	71.3	0.0483159	120.534
12.6	0.1524	71.3	0.0483159	117.504
12.6	0.1524	71.3	0.0483159	115.234
12.6	0.1524	71.3	0.0483159	113.334
12.6	0.1524	71.3	0.0483159	108.034
12.6	0.1524	71.3	0.0483159	108.034
12.6	0.1524	71.3	0.0483159	107.284
12.6	0.1524	39.6	0.0584113	114.75
12.6	0.1524	39.6	0.0584113	115.89
12.6	0.1524	39.6	0.0584113	116.02
12.6	0.1524	39.6	0.0584113	115.91
12.6	0.1524	39.6	0.0584113	114.9
12.6	0.1524	39.6	0.0584113	116.55
12.6	0.1524	39.6	0.0584113	116.56
12.6	0.1524	39.6	0.0584113	114.67
12.6	0.1524	39.6	0.0584113	112.16
12.6	0.1524	39.6	0.0584113	110.78
12.6	0.1524	39.6	0.0584113	109.52
12.6	0.1524	39.6	0.0584113	106.88
12.6	0.1524	39.6	0.0584113	106.26
12.6	0.1524	39.6	0.0584113	104.5
12.6	0.1524	39.6	0.0584113	104.13
12.6	0.1524	39.6	0.0584113	103.38
0	0.0508	71.3	0.000740478	130.96
0	0.0508	71.3	0.000740478	129.45
0	0.0508	71.3	0.000740478	128.56
0	0.0508	71.3	0.000740478	129.68
0	0.0508	71.3	0.000740478	131.06
0	0.0508	71.3	0.000740478	131.31
0	0.0508	71.3	0.000740478	135.07
0	0.0508	71.3	0.000740478	134.43
0	0.0508	71.3	0.000740478	134.43
0	0.0508	71.3	0.000740478	133.04
0	0.0508	71.3	0.000740478	130.89
0	0.0508	71.3	0.000740478	128.74
0	0.0508	71.3	0.000740478	125.22
0	0.0508	55.5	0.00076193	124.336
0	0.0508	55.5	0.00076193	125.586
0	0.0508	55.5	0.00076193	127.076
0	0.0508	55.5	0.00076193	128.576
0	0.0508	55.5	0.00076193	131.456
0	0.0508	55.5	0.00076193	133.956
0	0.0508	55.5	0.00076193	134.826
0	0.0508	55.5	0.00076193	134.946
0	0.0508	55.5	0.00076193	134.556
0	0.0508	55.5	0.00076193	132.796
0	0.0508	55.5	0.00076193	130.156
0	0.0508	55.5	0.00076193	127.636
0	0.0508	55.5	0.00076193	125.376
0	0.0508	39.6	0.000791822	126.508
0	0.0508	39.6	0.000791822	127.638
0	0.0508	39.6	0.000791822	129.148
0	0.0508	39.6	0.000791822	130.908
0	0.0508	39.6	0.000791822	132.918
0	0.0508	39.6	0.000791822	134.938
0	0.0508	39.6	0.000791822	135.938
0	0.0508	39.6	0.000791822	135.308
0	0.0508	39.6	0.000791822	134.308
0	0.0508	39.6	0.000791822	131.918
0	0.0508	39.6	0.000791822	128.518
0	0.0508	39.6	0.000791822	125.998
0	0.0508	39.6	0.000791822	123.988
0	0.0508	31.7	0.000812164	122.79
0	0.0508	31.7	0.000812164	126.78
0	0.0508	31.7	0.000812164	129.27
0	0.0508	31.7	0.000812164	131.01
0	0.0508	31.7	0.000812164	133.01
0	0.0508	31.7	0.000812164	134.87
0	0.0508	31.7	0.000812164	135.49
0	0.0508	31.7	0.000812164	134.11
0	0.0508	31.7	0.000812164	133.23
0	0.0508	31.7	0.000812164	130.34
0	0.0508	31.7	0.000812164	126.59
0	0.0508	31.7	0.000812164	122.45
0	0.0508	31.7	0.000812164	119.07
4.2	0.0508	71.3	0.00142788	124.318
4.2	0.0508	71.3	0.00142788	129.848
4.2	0.0508	71.3	0.00142788	131.978
4.2	0.0508	71.3	0.00142788	133.728
4.2	0.0508	71.3	0.00142788	133.598
4.2	0.0508	71.3	0.00142788	132.828
4.2	0.0508	71.3	0.00142788	129.308
4.2	0.0508	71.3	0.00142788	125.268
4.2	0.0508	71.3	0.00142788	121.238
4.2	0.0508	71.3	0.00142788	117.328
4.2	0.0508	39.6	0.00152689	125.647
4.2	0.0508	39.6	0.00152689	128.427
4.2	0.0508	39.6	0.00152689	130.197
4.2	0.0508	39.6	0.00152689	132.587
4.2	0.0508	39.6	0.00152689	133.847
4.2	0.0508	39.6	0.00152689	133.587
4.2	0.0508	39.6	0.00152689	131.807
4.2	0.0508	39.6	0.00152689	129.777
4.2	0.0508	39.6	0.00152689	125.717
4.2	0.0508	39.6	0.00152689	120.397
4.2	0.0508	39.6	0.00152689	116.967
8.4	0.0508	71.3	0.00529514	127.556
8.4	0.0508	71.3	0.00529514	129.946
8.4	0.0508	71.3	0.00529514	132.086
8.4	0.0508	71.3	0.00529514	133.846
8.4	0.0508	71.3	0.00529514	134.476
8.4	0.0508	71.3	0.00529514	134.226
8.4	0.0508	71.3	0.00529514	131.966
8.4	0.0508	71.3	0.00529514	126.926
8.4	0.0508	71.3	0.00529514	121.146
8.4	0.0508	55.5	0.00544854	121.582
8.4	0.0508	55.5	0.00544854	123.742
8.4	0.0508	55.5	0.00544854	126.152
8.4	0.0508	55.5	0.00544854	128.562
8.4	0.0508	55.5	0.00544854	130.722
8.4	0.0508	55.5	0.00544854	132.252
8.4	0.0508	55.5	0.00544854	133.032
8.4	0.0508	55.5	0.00544854	133.042
8.4	0.0508	55.5	0.00544854	131.542
8.4	0.0508	55.5	0.00544854	128.402
8.4	0.0508	55.5	0.00544854	122.612
8.4	0.0508	55.5	0.00544854	115.812
8.4	0.0508	39.6	0.00566229	120.015
8.4	0.0508	39.6	0.00566229	122.905
8.4	0.0508	39.6	0.00566229	126.045
8.4	0.0508	39.6	0.00566229	128.435
8.4	0.0508	39.6	0.00566229	130.195
8.4	0.0508	39.6	0.00566229	131.205
8.4	0.0508	39.6	0.00566229	130.965
8.4	0.0508	39.6	0.00566229	129.965
8.4	0.0508	39.6	0.00566229	127.465
8.4	0.0508	39.6	0.00566229	123.965
8.4	0.0508	39.6	0.00566229	118.955
8.4	0.0508	31.7	0.00580776	120.076
8.4	0.0508	31.7	0.00580776	122.966
8.4	0.0508	31.7	0.00580776	125.856
8.4	0.0508	31.7	0.00580776	128.246
8.4	0.0508	31.7	0.00580776	129.516
8.4	0.0508	31.7	0.00580776	130.156
8.4	0.0508	31.7	0.00580776	129.296
8.4	0.0508	31.7	0.00580776	127.686
8.4	0.0508	31.7	0.00580776	125.576
8.4	0.0508	31.7	0.00580776	122.086
8.4	0.0508	31.7	0.00580776	118.106
11.2	0.0508	71.3	0.014072	125.941
11.2	0.0508	71.3	0.014072	127.101
11.2	0.0508	71.3	0.014072	128.381
11.2	0.0508	71.3	0.014072	129.281
11.2	0.0508	71.3	0.014072	130.311
11.2	0.0508	71.3	0.014072	133.611
11.2	0.0508	71.3	0.014072	136.031
11.2	0.0508	71.3	0.014072	136.941
11.2	0.0508	71.3	0.014072	136.191
11.2	0.0508	71.3	0.014072	135.191
11.2	0.0508	71.3	0.014072	133.311
11.2	0.0508	71.3	0.014072	130.541
11.2	0.0508	71.3	0.014072	127.141
11.2	0.0508	71.3	0.014072	122.471
11.2	0.0508	39.6	0.0150478	125.01
11.2	0.0508	39.6	0.0150478	126.43
11.2	0.0508	39.6	0.0150478	128.99
11.2	0.0508	39.6	0.0150478	130.67
11.2	0.0508	39.6	0.0150478	131.96
11.2	0.0508	39.6	0.0150478	133.13
11.2	0.0508	39.6	0.0150478	133.79
11.2	0.0508	39.6	0.0150478	132.43
11.2	0.0508	39.6	0.0150478	130.05
11.2	0.0508	39.6	0.0150478	126.54
11.2	0.0508	39.6	0.0150478	124.42
11.2	0.0508	39.6	0.0150478	122.17
11.2	0.0508	39.6	0.0150478	119.67
11.2	0.0508	39.6	0.0150478	115.52
15.4	0.0508	71.3	0.0264269	123.595
15.4	0.0508	71.3	0.0264269	124.835
15.4	0.0508	71.3	0.0264269	126.195
15.4	0.0508	71.3	0.0264269	126.805
15.4	0.0508	71.3	0.0264269	127.285
15.4	0.0508	71.3	0.0264269	129.645
15.4	0.0508	71.3	0.0264269	131.515
15.4	0.0508	71.3	0.0264269	131.865
15.4	0.0508	71.3	0.0264269	130.845
15.4	0.0508	71.3	0.0264269	130.065
15.4	0.0508	71.3	0.0264269	129.285
15.4	0.0508	71.3	0.0264269	127.625
15.4	0.0508	71.3	0.0264269	125.715
15.4	0.0508	71.3	0.0264269	122.675
15.4	0.0508	71.3	0.0264269	119.135
15.4	0.0508	71.3	0.0264269	115.215
15.4	0.0508	71.3	0.0264269	112.675
15.4	0.0508	55.5	0.0271925	122.94
15.4	0.0508	55.5	0.0271925	124.17
15.4	0.0508	55.5	0.0271925	125.39
15.4	0.0508	55.5	0.0271925	126.5
15.4	0.0508	55.5	0.0271925	127.22
15.4	0.0508	55.5	0.0271925	129.33
15.4	0.0508	55.5	0.0271925	130.43
15.4	0.0508	55.5	0.0271925	130.4
15.4	0.0508	55.5	0.0271925	130
15.4	0.0508	55.5	0.0271925	128.2
15.4	0.0508	55.5	0.0271925	127.04
15.4	0.0508	55.5	0.0271925	125.63
15.4	0.0508	55.5	0.0271925	123.46
15.4	0.0508	55.5	0.0271925	120.92
15.4	0.0508	55.5	0.0271925	117.11
15.4	0.0508	55.5	0.0271925	112.93
15.4	0.0508	39.6	0.0282593	121.783
15.4	0.0508	39.6	0.0282593	122.893
15.4	0.0508	39.6	0.0282593	124.493
15.4	0.0508	39.6	0.0282593	125.353
15.4	0.0508	39.6	0.0282593	125.963
15.4	0.0508	39.6	0.0282593	127.443
15.4	0.0508	39.6	0.0282593	128.423
15.4	0.0508	39.6	0.0282593	127.893
15.4	0.0508	39.6	0.0282593	126.743
15.4	0.0508	39.6	0.0282593	124.843
15.4	0.0508	39.6	0.0282593	123.443
15.4	0.0508	39.6	0.0282593	122.413
15.4	0.0508	39.6	0.0282593	120.513
15.4	0.0508	39.6	0.0282593	118.113
15.4	0.0508	39.6	0.0282593	114.453
15.4	0.0508	39.6	0.0282593	109.663
15.4	0.0508	31.7	0.0289853	119.975
15.4	0.0508	31.7	0.0289853	121.225
15.4	0.0508	31.7	0.0289853	122.845
15.4	0.0508	31.7	0.0289853	123.705
15.4	0.0508	31.7	0.0289853	123.695
15.4	0.0508	31.7	0.0289853	124.685
15.4	0.0508	31.7	0.0289853	125.555
15.4	0.0508	31.7	0.0289853	124.525
15.4	0.0508	31.7	0.0289853	123.255
15.4	0.0508	31.7	0.0289853	121.485
15.4	0.0508	31.7	0.0289853	120.835
15.4	0.0508	31.7	0.0289853	119.945
15.4	0.0508	31.7	0.0289853	118.045
15.4	0.0508	31.7	0.0289853	115.635
15.4	0.0508	31.7	0.0289853	112.355
15.4	0.0508	31.7	0.0289853	108.185
19.7	0.0508	71.3	0.0341183	118.005
19.7	0.0508	71.3	0.0341183	119.115
19.7	0.0508	71.3	0.0341183	121.235
19.7	0.0508	71.3	0.0341183	123.865
19.7	0.0508	71.3	0.0341183	126.995
19.7	0.0508	71.3	0.0341183	128.365
19.7	0.0508	71.3	0.0341183	124.555
19.7	0.0508	71.3	0.0341183	121.885
19.7	0.0508	71.3	0.0341183	121.485
19.7	0.0508	71.3	0.0341183	120.575
19.7	0.0508	71.3	0.0341183	120.055
19.7	0.0508	71.3	0.0341183	118.385
19.7	0.0508	71.3	0.0341183	116.225
19.7	0.0508	71.3	0.0341183	113.045
19.7	0.0508	39.6	0.036484	125.974
19.7	0.0508	39.6	0.036484	127.224
19.7	0.0508	39.6	0.036484	129.864
19.7	0.0508	39.6	0.036484	130.614
19.7	0.0508	39.6	0.036484	128.444
19.7	0.0508	39.6	0.036484	120.324
19.7	0.0508	39.6	0.036484	119.174
19.7	0.0508	39.6	0.036484	118.904
19.7	0.0508	39.6	0.036484	118.634
19.7	0.0508	39.6	0.036484	117.604
19.7	0.0508	39.6	0.036484	117.724
19.7	0.0508	39.6	0.036484	116.184
19.7	0.0508	39.6	0.036484	113.004
19.7	0.0508	39.6	0.036484	108.684
0	0.0254	71.3	0.000400682	133.707
0	0.0254	71.3	0.000400682	137.007
0	0.0254	71.3	0.000400682	138.557
0	0.0254	71.3	0.000400682	136.837
0	0.0254	71.3	0.000400682	134.987
0	0.0254	71.3	0.000400682	129.867
0	0.0254	71.3	0.000400682	130.787
0	0.0254	71.3	0.000400682	133.207
0	0.0254	71.3	0.000400682	130.477
0	0.0254	71.3	0.000400682	123.217
0	0.0254	55.5	0.00041229	127.623
0	0.0254	55.5	0.00041229	130.073
0	0.0254	55.5	0.00041229	130.503
0	0.0254	55.5	0.00041229	133.223
0	0.0254	55.5	0.00041229	135.803
0	0.0254	55.5	0.00041229	136.103
0	0.0254	55.5	0.00041229	136.163
0	0.0254	55.5	0.00041229	134.563
0	0.0254	55.5	0.00041229	131.453
0	0.0254	55.5	0.00041229	125.683
0	0.0254	55.5	0.00041229	121.933
0	0.0254	39.6	0.000428464	124.156
0	0.0254	39.6	0.000428464	130.026
0	0.0254	39.6	0.000428464	131.836
0	0.0254	39.6	0.000428464	133.276
0	0.0254	39.6	0.000428464	135.346
0	0.0254	39.6	0.000428464	136.536
0	0.0254	39.6	0.000428464	136.826
0	0.0254	39.6	0.000428464	135.866
0	0.0254	39.6	0.000428464	133.376
0	0.0254	39.6	0.000428464	129.116
0	0.0254	39.6	0.000428464	124.986
0	0.0254	31.7	0.000439472	125.127
0	0.0254	31.7	0.000439472	127.947
0	0.0254	31.7	0.000439472	129.267
0	0.0254	31.7	0.000439472	130.697
0	0.0254	31.7	0.000439472	132.897
0	0.0254	31.7	0.000439472	135.227
0	0.0254	31.7	0.000439472	137.047
0	0.0254	31.7	0.000439472	138.607
0	0.0254	31.7	0.000439472	138.537
0	0.0254	31.7	0.000439472	137.207
0	0.0254	31.7	0.000439472	134.227
0	0.0254	31.7	0.000439472	128.977
0	0.0254	31.7	0.000439472	125.627
4.8	0.0254	71.3	0.000848633	128.398
4.8	0.0254	71.3	0.000848633	130.828
4.8	0.0254	71.3	0.000848633	133.378
4.8	0.0254	71.3	0.000848633	134.928
4.8	0.0254	71.3	0.000848633	135.468
4.8	0.0254	71.3	0.000848633	134.498
4.8	0.0254	71.3	0.000848633	131.518
4.8	0.0254	71.3	0.000848633	127.398
4.8	0.0254	71.3	0.000848633	127.688
4.8	0.0254	71.3	0.000848633	124.208
4.8	0.0254	71.3	0.000848633	119.708
4.8	0.0254	55.5	0.000873218	121.474
4.8	0.0254	55.5	0.000873218	125.054
4.8	0.0254	55.5	0.000873218	129.144
4.8	0.0254	55.5	0.000873218	132.354
4.8	0.0254	55.5	0.000873218	133.924
4.8	0.0254	55.5	0.000873218	135.484
4.8	0.0254	55.5	0.000873218	135.164
4.8	0.0254	55.5	0.000873218	132.184
4.8	0.0254	55.5	0.000873218	126.944
4.8	0.0254	55.5	0.000873218	125.094
4.8	0.0254	55.5	0.000873218	124.394
4.8	0.0254	55.5	0.000873218	121.284
4.8	0.0254	39.6	0.000907475	116.366
4.8	0.0254	39.6	0.000907475	118.696
4.8	0.0254	39.6	0.000907475	120.766
4.8	0.0254	39.6	0.000907475	122.956
4.8	0.0254	39.6	0.000907475	125.026
4.8	0.0254	39.6	0.000907475	125.966
4.8	0.0254	39.6	0.000907475	128.916
4.8	0.0254	39.6	0.000907475	131.236
4.8	0.0254	39.6	0.000907475	133.436
4.8	0.0254	39.6	0.000907475	134.996
4.8	0.0254	39.6	0.000907475	135.426
4.8	0.0254	39.6	0.000907475	134.336
4.8	0.0254	39.6	0.000907475	131.346
4.8	0.0254	39.6	0.000907475	126.066
4.8	0.0254	31.7	0.000930789	116.128
4.8	0.0254	31.7	0.000930789	120.078
4.8	0.0254	31.7	0.000930789	122.648
4.8	0.0254	31.7	0.000930789	125.348
4.8	0.0254	31.7	0.000930789	127.408
4.8	0.0254	31.7	0.000930789	128.718
4.8	0.0254	31.7	0.000930789	130.148
4.8	0.0254	31.7	0.000930789	132.588
4.8	0.0254	31.7	0.000930789	134.268
4.8	0.0254	31.7	0.000930789	135.328
4.8	0.0254	31.7	0.000930789	135.248
4.8	0.0254	31.7	0.000930789	132.898
4.8	0.0254	31.7	0.000930789	127.008
9.5	0.0254	71.3	0.00420654	125.726
9.5	0.0254	71.3	0.00420654	127.206
9.5	0.0254	71.3	0.00420654	129.556
9.5	0.0254	71.3	0.00420654	131.656
9.5	0.0254	71.3	0.00420654	133.756
9.5	0.0254	71.3	0.00420654	134.976
9.5	0.0254	71.3	0.00420654	135.956
9.5	0.0254	71.3	0.00420654	136.166
9.5	0.0254	71.3	0.00420654	134.236
9.5	0.0254	71.3	0.00420654	131.186
9.5	0.0254	71.3	0.00420654	127.246
9.5	0.0254	55.5	0.0043284	120.952
9.5	0.0254	55.5	0.0043284	123.082
9.5	0.0254	55.5	0.0043284	125.452
9.5	0.0254	55.5	0.0043284	128.082
9.5	0.0254	55.5	0.0043284	130.332
9.5	0.0254	55.5	0.0043284	132.202
9.5	0.0254	55.5	0.0043284	133.062
9.5	0.0254	55.5	0.0043284	134.052
9.5	0.0254	55.5	0.0043284	134.152
9.5	0.0254	55.5	0.0043284	133.252
9.5	0.0254	55.5	0.0043284	131.582
9.5	0.0254	55.5	0.0043284	128.412
9.5	0.0254	55.5	0.0043284	124.222
9.5	0.0254	39.6	0.00449821	116.074
9.5	0.0254	39.6	0.00449821	116.924
9.5	0.0254	39.6	0.00449821	119.294
9.5	0.0254	39.6	0.00449821	121.154
9.5	0.0254	39.6	0.00449821	123.894
9.5	0.0254	39.6	0.00449821	126.514
9.5	0.0254	39.6	0.00449821	129.014
9.5	0.0254	39.6	0.00449821	130.374
9.5	0.0254	39.6	0.00449821	130.964
9.5	0.0254	39.6	0.00449821	131.184
9.5	0.0254	39.6	0.00449821	131.274
9.5	0.0254	39.6	0.00449821	131.234
9.5	0.0254	39.6	0.00449821	129.934
9.5	0.0254	39.6	0.00449821	127.864
9.5	0.0254	39.6	0.00449821	125.044
9.5	0.0254	39.6	0.00449821	120.324
9.5	0.0254	31.7	0.00461377	119.146
9.5	0.0254	31.7	0.00461377	120.136
9.5	0.0254	31.7	0.00461377	122.766
9.5	0.0254	31.7	0.00461377	124.756
9.5	0.0254	31.7	0.00461377	126.886
9.5	0.0254	31.7	0.00461377	129.006
9.5	0.0254	31.7	0.00461377	130.746
9.5	0.0254	31.7	0.00461377	131.346
9.5	0.0254	31.7	0.00461377	131.446
9.5	0.0254	31.7	0.00461377	131.036
9.5	0.0254	31.7	0.00461377	130.496
9.5	0.0254	31.7	0.00461377	130.086
9.5	0.0254	31.7	0.00461377	128.536
9.5	0.0254	31.7	0.00461377	126.736
9.5	0.0254	31.7	0.00461377	124.426
9.5	0.0254	31.7	0.00461377	120.726
12.7	0.0254	71.3	0.0121808	119.698
12.7	0.0254	71.3	0.0121808	122.938
12.7	0.0254	71.3	0.0121808	125.048
12.7	0.0254	71.3	0.0121808	126.898
12.7	0.0254	71.3	0.0121808	128.878
12.7	0.0254	71.3	0.0121808	130.348
12.7	0.0254	71.3	0.0121808	131.698
12.7	0.0254	71.3	0.0121808	133.048
12.7	0.0254	71.3	0.0121808	134.528
12.7	0.0254	71.3	0.0121808	134.228
12.7	0.0254	71.3	0.0121808	134.058
12.7	0.0254	71.3	0.0121808	133.758
12.7	0.0254	71.3	0.0121808	131.808
12.7	0.0254	71.3	0.0121808	128.978
12.7	0.0254	71.3	0.0121808	125.398
12.7	0.0254	71.3	0.0121808	120.538
12.7	0.0254	71.3	0.0121808	114.418
12.7	0.0254	39.6	0.0130253	121.547
12.7	0.0254	39.6	0.0130253	123.537
12.7	0.0254	39.6	0.0130253	125.527
12.7	0.0254	39.6	0.0130253	127.127
12.7	0.0254	39.6	0.0130253	128.867
12.7	0.0254	39.6	0.0130253	130.217
12.7	0.0254	39.6	0.0130253	130.947
12.7	0.0254	39.6	0.0130253	130.777
12.7	0.0254	39.6	0.0130253	129.977
12.7	0.0254	39.6	0.0130253	129.567
12.7	0.0254	39.6	0.0130253	129.027
12.7	0.0254	39.6	0.0130253	127.847
12.7	0.0254	39.6	0.0130253	126.537
12.7	0.0254	39.6	0.0130253	125.107
12.7	0.0254	39.6	0.0130253	123.177
12.7	0.0254	39.6	0.0130253	120.607
12.7	0.0254	39.6	0.0130253	116.017
17.4	0.0254	71.3	0.016104	112.506
17.4	0.0254	71.3	0.016104	113.796
17.4	0.0254	71.3	0.016104	115.846
17.4	0.0254	71.3	0.016104	117.396
17.4	0.0254	71.3	0.016104	119.806
17.4	0.0254	71.3	0.016104	122.606
17.4	0.0254	71.3	0.016104	124.276
17.4	0.0254	71.3	0.016104	125.816
17.4	0.0254	71.3	0.016104	126.356
17.4	0.0254	71.3	0.016104	126.406
17.4	0.0254	71.3	0.016104	126.826
17.4	0.0254	71.3	0.016104	126.746
17.4	0.0254	71.3	0.016104	126.536
17.4	0.0254	71.3	0.016104	125.586
17.4	0.0254	71.3	0.016104	123.126
17.4	0.0254	71.3	0.016104	119.916
17.4	0.0254	71.3	0.016104	115.466
17.4	0.0254	55.5	0.0165706	109.951
17.4	0.0254	55.5	0.0165706	110.491
17.4	0.0254	55.5	0.0165706	111.911
17.4	0.0254	55.5	0.0165706	115.461
17.4	0.0254	55.5	0.0165706	119.621
17.4	0.0254	55.5	0.0165706	122.411
17.4	0.0254	55.5	0.0165706	123.091
17.4	0.0254	55.5	0.0165706	126.001
17.4	0.0254	55.5	0.0165706	129.301
17.4	0.0254	55.5	0.0165706	126.471
17.4	0.0254	55.5	0.0165706	125.261
17.4	0.0254	55.5	0.0165706	124.931
17.4	0.0254	55.5	0.0165706	124.101
17.4	0.0254	55.5	0.0165706	121.771
17.4	0.0254	55.5	0.0165706	118.941
17.4	0.0254	55.5	0.0165706	114.861
17.4	0.0254	39.6	0.0172206	114.044
17.4	0.0254	39.6	0.0172206	114.714
17.4	0.0254	39.6	0.0172206	115.144
17.4	0.0254	39.6	0.0172206	115.444
17.4	0.0254	39.6	0.0172206	117.514
17.4	0.0254	39.6	0.0172206	124.514
17.4	0.0254	39.6	0.0172206	135.324
17.4	0.0254	39.6	0.0172206	138.274
17.4	0.0254	39.6	0.0172206	131.364
17.4	0.0254	39.6	0.0172206	127.614
17.4	0.0254	39.6	0.0172206	126.644
17.4	0.0254	39.6	0.0172206	124.154
17.4	0.0254	39.6	0.0172206	123.564
17.4	0.0254	39.6	0.0172206	122.724
17.4	0.0254	39.6	0.0172206	119.854
17.4	0.0254	31.7	0.0176631	116.146
17.4	0.0254	31.7	0.0176631	116.956
17.4	0.0254	31.7	0.0176631	118.416
17.4	0.0254	31.7	0.0176631	120.766
17.4	0.0254	31.7	0.0176631	127.676
17.4	0.0254	31.7	0.0176631	136.886
17.4	0.0254	31.7	0.0176631	139.226
17.4	0.0254	31.7	0.0176631	131.796
17.4	0.0254	31.7	0.0176631	128.306
17.4	0.0254	31.7	0.0176631	126.846
17.4	0.0254	31.7	0.0176631	124.356
17.4	0.0254	31.7	0.0176631	124.166
17.4	0.0254	31.7	0.0176631	123.466
17.4	0.0254	31.7	0.0176631	121.996
17.4	0.0254	31.7	0.0176631	117.996
22.2	0.0254	71.3	0.0214178	115.857
22.2	0.0254	71.3	0.0214178	117.927
22.2	0.0254	71.3	0.0214178	117.967
22.2	0.0254	71.3	0.0214178	120.657
22.2	0.0254	71.3	0.0214178	123.227
22.2	0.0254	71.3	0.0214178	134.247
22.2	0.0254	71.3	0.0214178	140.987
22.2	0.0254	71.3	0.0214178	131.817
22.2	0.0254	71.3	0.0214178	127.197
22.2	0.0254	71.3	0.0214178	126.097
22.2	0.0254	71.3	0.0214178	124.127
22.2	0.0254	71.3	0.0214178	123.917
22.2	0.0254	71.3	0.0214178	125.727
22.2	0.0254	71.3	0.0214178	123.127
22.2	0.0254	71.3	0.0214178	121.657
22.2	0.0254	39.6	0.0229028	116.066
22.2	0.0254	39.6	0.0229028	117.386
22.2	0.0254	39.6	0.0229028	120.716
22.2	0.0254	39.6	0.0229028	123.416
22.2	0.0254	39.6	0.0229028	129.776
22.2	0.0254	39.6	0.0229028	137.026
22.2	0.0254	39.6	0.0229028	137.076
22.2	0.0254	39.6	0.0229028	128.416
22.2	0.0254	39.6	0.0229028	126.446
22.2	0.0254	39.6	0.0229028	122.216
22.2	0.0254	39.6	0.0229028	121.256
22.2	0.0254	39.6	0.0229028	121.306
22.2	0.0254	39.6	0.0229028	120.856
22.2	0.0254	39.6	0.0229028	119.646
22.2	0.0254	39.6	0.0229028	118.816
0	0.1016	71.3	0.00121072	124.155
0	0.1016	71.3	0.00121072	126.805
0	0.1016	71.3	0.00121072	128.825
0	0.1016	71.3	0.00121072	130.335
0	0.1016	71.3	0.00121072	131.725
0	0.1016	71.3	0.00121072	132.095
0	0.1016	71.3	0.00121072	132.595
0	0.1016	71.3	0.00121072	131.955
0	0.1016	71.3	0.00121072	130.935
0	0.1016	71.3	0.00121072	130.795
0	0.1016	71.3	0.00121072	129.395
0	0.1016	71.3	0.00121072	125.465
0	0.1016	71.3	0.00121072	123.305
0	0.1016	71.3	0.00121072	119.375
0	0.1016	55.5	0.00131983	126.17
0	0.1016	55.5	0.00131983	127.92
0	0.1016	55.5	0.00131983	129.8
0	0.1016	55.5	0.00131983	131.43
0	0.1016	55.5	0.00131983	132.05
0	0.1016	55.5	0.00131983	132.54
0	0.1016	55.5	0.00131983	133.04
0	0.1016	55.5	0.00131983	131.78
0	0.1016	55.5	0.00131983	129.5
0	0.1016	55.5	0.00131983	128.36
0	0.1016	55.5	0.00131983	127.73
0	0.1016	55.5	0.00131983	124.45
0	0.1016	55.5	0.00131983	121.93
0	0.1016	55.5	0.00131983	119.91
0	0.1016	39.6	0.00146332	125.401
0	0.1016	39.6	0.00146332	128.401
0	0.1016	39.6	0.00146332	130.781
0	0.1016	39.6	0.00146332	132.271
0	0.1016	39.6	0.00146332	133.261
0	0.1016	39.6	0.00146332	133.251
0	0.1016	39.6	0.00146332	132.611
0	0.1016	39.6	0.00146332	130.961
0	0.1016	39.6	0.00146332	127.801
0	0.1016	39.6	0.00146332	126.021
0	0.1016	39.6	0.00146332	125.631
0	0.1016	39.6	0.00146332	122.341
0	0.1016	39.6	0.00146332	119.561
0	0.1016	31.7	0.00150092	126.413
0	0.1016	31.7	0.00150092	129.053
0	0.1016	31.7	0.00150092	131.313
0	0.1016	31.7	0.00150092	133.063
0	0.1016	31.7	0.00150092	133.553
0	0.1016	31.7	0.00150092	133.153
0	0.1016	31.7	0.00150092	132.003
0	0.1016	31.7	0.00150092	129.973
0	0.1016	31.7	0.00150092	126.933
0	0.1016	31.7	0.00150092	124.393
0	0.1016	31.7	0.00150092	124.253
0	0.1016	31.7	0.00150092	120.193
0	0.1016	31.7	0.00150092	115.893
3.3	0.1016	71.3	0.00202822	131.074
3.3	0.1016	71.3	0.00202822	131.434
3.3	0.1016	71.3	0.00202822	132.304
3.3	0.1016	71.3	0.00202822	133.664
3.3	0.1016	71.3	0.00202822	134.034
3.3	0.1016	71.3	0.00202822	133.894
3.3	0.1016	71.3	0.00202822	132.114
3.3	0.1016	71.3	0.00202822	128.704
3.3	0.1016	71.3	0.00202822	127.054
3.3	0.1016	71.3	0.00202822	124.904
3.3	0.1016	71.3	0.00202822	121.234
3.3	0.1016	71.3	0.00202822	116.694
3.3	0.1016	55.5	0.002211	126.599
3.3	0.1016	55.5	0.002211	129.119
3.3	0.1016	55.5	0.002211	131.129
3.3	0.1016	55.5	0.002211	132.769
3.3	0.1016	55.5	0.002211	133.649
3.3	0.1016	55.5	0.002211	133.649
3.3	0.1016	55.5	0.002211	132.889
3.3	0.1016	55.5	0.002211	130.629
3.3	0.1016	55.5	0.002211	127.229
3.3	0.1016	55.5	0.002211	124.839
3.3	0.1016	55.5	0.002211	123.839
3.3	0.1016	55.5	0.002211	120.569
3.3	0.1016	55.5	0.002211	115.659
3.3	0.1016	39.6	0.00245138	127.251
3.3	0.1016	39.6	0.00245138	129.991
3.3	0.1016	39.6	0.00245138	131.971
3.3	0.1016	39.6	0.00245138	133.211
3.3	0.1016	39.6	0.00245138	133.071
3.3	0.1016	39.6	0.00245138	132.301
3.3	0.1016	39.6	0.00245138	130.791
3.3	0.1016	39.6	0.00245138	128.401
3.3	0.1016	39.6	0.00245138	124.881
3.3	0.1016	39.6	0.00245138	122.371
3.3	0.1016	39.6	0.00245138	120.851
3.3	0.1016	39.6	0.00245138	118.091
3.3	0.1016	39.6	0.00245138	115.321
3.3	0.1016	31.7	0.00251435	128.952
3.3	0.1016	31.7	0.00251435	131.362
3.3	0.1016	31.7	0.00251435	133.012
3.3	0.1016	31.7	0.00251435	134.022
3.3	0.1016	31.7	0.00251435	133.402
3.3	0.1016	31.7	0.00251435	131.642
3.3	0.1016	31.7	0.00251435	130.392
3.3	0.1016	31.7	0.00251435	128.252
3.3	0.1016	31.7	0.00251435	124.852
3.3	0.1016	31.7	0.00251435	122.082
3.3	0.1016	31.7	0.00251435	120.702
3.3	0.1016	31.7	0.00251435	117.432
6.7	0.1016	71.3	0.00478288	131.448
6.7	0.1016	71.3	0.00478288	134.478
6.7	0.1016	71.3	0.00478288	136.758
6.7	0.1016	71.3	0.00478288	137.658
6.7	0.1016	71.3	0.00478288	136.678
6.7	0.1016	71.3	0.00478288	134.568
6.7	0.1016	71.3	0.00478288	131.458
6.7	0.1016	71.3	0.00478288	124.458
6.7	0.1016	55.5	0.0052139	129.343
6.7	0.1016	55.5	0.0052139	133.023
6.7	0.1016	55.5	0.0052139	135.953
6.7	0.1016	55.5	0.0052139	137.233
6.7	0.1016	55.5	0.0052139	136.883
6.7	0.1016	55.5	0.0052139	133.653
6.7	0.1016	55.5	0.0052139	129.653
6.7	0.1016	55.5	0.0052139	124.273
6.7	0.1016	39.6	0.00578076	128.295
6.7	0.1016	39.6	0.00578076	130.955
6.7	0.1016	39.6	0.00578076	133.355
6.7	0.1016	39.6	0.00578076	134.625
6.7	0.1016	39.6	0.00578076	134.515
6.7	0.1016	39.6	0.00578076	132.395
6.7	0.1016	39.6	0.00578076	127.375
6.7	0.1016	39.6	0.00578076	122.235
6.7	0.1016	31.7	0.00592927	126.266
6.7	0.1016	31.7	0.00592927	128.296
6.7	0.1016	31.7	0.00592927	130.206
6.7	0.1016	31.7	0.00592927	132.116
6.7	0.1016	31.7	0.00592927	132.886
6.7	0.1016	31.7	0.00592927	131.636
6.7	0.1016	31.7	0.00592927	129.256
6.7	0.1016	31.7	0.00592927	124.346
6.7	0.1016	31.7	0.00592927	120.446
8.9	0.1016	71.3	0.0103088	133.503
8.9	0.1016	71.3	0.0103088	134.533
8.9	0.1016	71.3	0.0103088	136.583
8.9	0.1016	71.3	0.0103088	138.123
8.9	0.1016	71.3	0.0103088	138.523
8.9	0.1016	71.3	0.0103088	138.423
8.9	0.1016	71.3	0.0103088	137.813
8.9	0.1016	71.3	0.0103088	135.433
8.9	0.1016	71.3	0.0103088	132.793
8.9	0.1016	71.3	0.0103088	128.763
8.9	0.1016	71.3	0.0103088	124.233
8.9	0.1016	71.3	0.0103088	123.623
8.9	0.1016	71.3	0.0103088	123.263
8.9	0.1016	71.3	0.0103088	120.243
8.9	0.1016	71.3	0.0103088	116.723
8.9	0.1016	71.3	0.0103088	117.253
8.9	0.1016	39.6	0.0124596	133.42
8.9	0.1016	39.6	0.0124596	134.34
8.9	0.1016	39.6	0.0124596	135.38
8.9	0.1016	39.6	0.0124596	135.54
8.9	0.1016	39.6	0.0124596	133.79
8.9	0.1016	39.6	0.0124596	131.92
8.9	0.1016	39.6	0.0124596	130.94
8.9	0.1016	39.6	0.0124596	129.58
8.9	0.1016	39.6	0.0124596	127.71
8.9	0.1016	39.6	0.0124596	123.82
8.9	0.1016	39.6	0.0124596	119.04
8.9	0.1016	39.6	0.0124596	119.19
8.9	0.1016	39.6	0.0124596	119.35
8.9	0.1016	39.6	0.0124596	116.22
8.9	0.1016	39.6	0.0124596	113.08
8.9	0.1016	39.6	0.0124596	113.11
12.3	0.1016	71.3	0.0337792	130.588
12.3	0.1016	71.3	0.0337792	131.568
12.3	0.1016	71.3	0.0337792	137.068
12.3	0.1016	71.3	0.0337792	139.428
12.3	0.1016	71.3	0.0337792	140.158
12.3	0.1016	71.3	0.0337792	135.368
12.3	0.1016	71.3	0.0337792	127.318
12.3	0.1016	71.3	0.0337792	127.928
12.3	0.1016	71.3	0.0337792	126.648
12.3	0.1016	71.3	0.0337792	124.748
12.3	0.1016	71.3	0.0337792	122.218
12.3	0.1016	71.3	0.0337792	121.318
12.3	0.1016	71.3	0.0337792	120.798
12.3	0.1016	71.3	0.0337792	118.018
12.3	0.1016	71.3	0.0337792	116.108
12.3	0.1016	71.3	0.0337792	113.958
12.3	0.1016	55.5	0.0368233	132.304
12.3	0.1016	55.5	0.0368233	133.294
12.3	0.1016	55.5	0.0368233	135.674
12.3	0.1016	55.5	0.0368233	136.414
12.3	0.1016	55.5	0.0368233	133.774
12.3	0.1016	55.5	0.0368233	124.244
12.3	0.1016	55.5	0.0368233	125.114
12.3	0.1016	55.5	0.0368233	125.484
12.3	0.1016	55.5	0.0368233	124.214
12.3	0.1016	55.5	0.0368233	121.824
12.3	0.1016	55.5	0.0368233	118.564
12.3	0.1016	55.5	0.0368233	117.054
12.3	0.1016	55.5	0.0368233	116.914
12.3	0.1016	55.5	0.0368233	114.404
12.3	0.1016	55.5	0.0368233	112.014
12.3	0.1016	55.5	0.0368233	110.124
12.3	0.1016	39.6	0.0408268	128.545
12.3	0.1016	39.6	0.0408268	129.675
12.3	0.1016	39.6	0.0408268	129.415
12.3	0.1016	39.6	0.0408268	128.265
12.3	0.1016	39.6	0.0408268	122.205
12.3	0.1016	39.6	0.0408268	121.315
12.3	0.1016	39.6	0.0408268	122.315
12.3	0.1016	39.6	0.0408268	122.435
12.3	0.1016	39.6	0.0408268	121.165
12.3	0.1016	39.6	0.0408268	117.875
12.3	0.1016	39.6	0.0408268	114.085
12.3	0.1016	39.6	0.0408268	113.315
12.3	0.1016	39.6	0.0408268	113.055
12.3	0.1016	39.6	0.0408268	110.905
12.3	0.1016	39.6	0.0408268	108.625
12.3	0.1016	39.6	0.0408268	107.985
12.3	0.1016	31.7	0.0418756	124.987
12.3	0.1016	31.7	0.0418756	125.857
12.3	0.1016	31.7	0.0418756	124.717
12.3	0.1016	31.7	0.0418756	123.207
12.3	0.1016	31.7	0.0418756	118.667
12.3	0.1016	31.7	0.0418756	119.287
12.3	0.1016	31.7	0.0418756	120.037
12.3	0.1016	31.7	0.0418756	119.777
12.3	0.1016	31.7	0.0418756	118.767
12.3	0.1016	31.7	0.0418756	114.477
12.3	0.1016	31.7	0.0418756	110.447
12.3	0.1016	31.7	0.0418756	110.317
12.3	0.1016	31.7	0.0418756	110.307
12.3	0.1016	31.7	0.0418756	108.407
12.3	0.1016	31.7	0.0418756	107.147
12.3	0.1016	31.7	0.0418756	107.267
15.6	0.1016	71.3	0.0437259	130.898
15.6	0.1016	71.3	0.0437259	132.158
15.6	0.1016	71.3	0.0437259	133.808
15.6	0.1016	71.3	0.0437259	134.058
15.6	0.1016	71.3	0.0437259	130.638
15.6	0.1016	71.3	0.0437259	122.288
15.6	0.1016	71.3	0.0437259	124.188
15.6	0.1016	71.3	0.0437259	124.438
15.6	0.1016	71.3	0.0437259	123.178
15.6	0.1016	71.3	0.0437259	121.528
15.6	0.1016	71.3	0.0437259	119.888
15.6	0.1016	71.3	0.0437259	118.998
15.6	0.1016	71.3	0.0437259	116.468
15.6	0.1016	71.3	0.0437259	113.298
15.6	0.1016	39.6	0.0528487	123.514
15.6	0.1016	39.6	0.0528487	124.644
15.6	0.1016	39.6	0.0528487	122.754
15.6	0.1016	39.6	0.0528487	120.484
15.6	0.1016	39.6	0.0528487	115.304
15.6	0.1016	39.6	0.0528487	118.084
15.6	0.1016	39.6	0.0528487	118.964
15.6	0.1016	39.6	0.0528487	119.224
15.6	0.1016	39.6	0.0528487	118.214
15.6	0.1016	39.6	0.0528487	114.554
15.6	0.1016	39.6	0.0528487	110.894
15.6	0.1016	39.6	0.0528487	110.264
15.6	0.1016	39.6	0.0528487	109.254
15.6	0.1016	39.6	0.0528487	106.604
15.6	0.1016	39.6	0.0528487	106.224
15.6	0.1016	39.6	0.0528487	104.204
